Rank, Word, Likelihood 
1, sales, 6.550280067878038e-05
2, bones, 4.544477359856698e-05
3, tones, 4.376077355466403e-05
4, tales, 3.892667028746068e-05
5, fares, 3.603738476644766e-05
6, lanes, 3.256076394719118e-05
7, seats, 3.188456912898899e-05
8, shoes, 3.151540924239342e-05
9, tries, 3.11797064500171e-05
10, sites, 3.0935901539380436e-05
11, tires, 3.0730125325018266e-05
12, sorts, 2.899587352816823e-05
13, males, 2.8446015561709922e-05
14, boats, 2.6153841206076562e-05
15, saves, 2.5242634557971852e-05
16, tiles, 2.5216971206198645e-05
17, trees, 2.5038298509417813e-05
18, fires, 2.3345271693966242e-05
19, coins, 2.3289968220549092e-05
20, mines, 2.226560455376737e-05
21, beans, 2.188867609729763e-05
22, lines, 2.109309223842462e-05
23, cases, 2.0958296470410306e-05
24, wales, 2.0589398588882466e-05
25, roles, 2.054531656605097e-05
26, bases, 2.0209416976026497e-05
27, beats, 1.967736282654899e-05
28, loans, 1.9394075274490072e-05
29, files, 1.9157001082203727e-05
30, boots, 1.911883573921729e-05
31, dates, 1.9100417190666894e-05
32, sides, 1.856032105369374e-05
33, miles, 1.8427529250601906e-05
34, bears, 1.8272430710922972e-05
35, tears, 1.7595328116217166e-05
36, trans, 1.7542059227670764e-05
37, tools, 1.7285161062676178e-05
38, carey, 1.7078733648285126e-05
39, codes, 1.706077304235498e-05
40, sells, 1.6807655634397905e-05
41, tunes, 1.676833149299114e-05
42, wires, 1.6254017986401648e-05
43, wines, 1.611597961709038e-05
44, rates, 1.609903065656565e-05
45, comes, 1.5844148740616225e-05
46, means, 1.540262449115999e-05
47, calls, 1.536717067441836e-05
48, souls, 1.5358687639514558e-05
49, holes, 1.497525296369937e-05
50, fails, 1.4903570915454292e-05
51, genes, 1.4880590147854563e-05
52, balls, 1.4818072658698634e-05
53, pairs, 1.474038497322718e-05
54, mails, 1.4336063760944415e-05
55, tions, 1.425904382539001e-05
56, parts, 1.4069797076453975e-05
57, paris, 1.4069797076453975e-05
58, pants, 1.395030835393632e-05
59, slots, 1.3898544355027136e-05
60, cents, 1.3843698014150635e-05
61, sends, 1.3686124525372053e-05
62, fears, 1.336693915410606e-05
63, moses, 1.3231204109088022e-05
64, pools, 1.3131309326409388e-05
65, ports, 1.3090558784698613e-05
66, teens, 1.306567794484845e-05
67, meals, 1.3000290857395066e-05
68, fonts, 1.2979386310943213e-05
69, pages, 1.2934862213293257e-05
70, gates, 1.282650255351172e-05
71, cards, 1.2620346737921638e-05
72, saint, 1.2613631523346395e-05
73, suits, 1.2535239022664459e-05
74, seeds, 1.2505724777466421e-05
75, beads, 1.2450414192322856e-05
76, shots, 1.2304317188818763e-05
77, spies, 1.2135988517437343e-05
78, bands, 1.2066048474833913e-05
79, toner, 1.2040332053438978e-05
80, deals, 1.197339299595202e-05
81, bored, 1.1933350734316084e-05
82, faces, 1.1706411612030768e-05
83, brass, 1.1697327727123187e-05
84, blues, 1.160083248928985e-05
85, modes, 1.157635253132687e-05
86, doors, 1.1506156411602958e-05
87, babes, 1.1371428701001686e-05
88, bonds, 1.1226268296589041e-05
89, belts, 1.104797136504732e-05
90, loads, 1.1031469832672982e-05
91, falls, 1.0839952206880869e-05
92, cells, 1.0757111673272877e-05
93, money, 1.0690426416504845e-05
94, goals, 1.0686887191986682e-05
95, tapes, 1.0541590746237733e-05
96, gains, 1.0505123193306452e-05
97, roots, 1.0443780064548165e-05
98, three, 1.0372602708085412e-05
99, roses, 1.0271181689913074e-05
100, times, 1.0243375108339423e-05
101, moves, 1.0199211678109543e-05
102, polls, 1.0085506622193654e-05
103, maine, 1.005050519277071e-05
104, thats, 1.0002739207933673e-05
105, tells, 9.988367862220847e-06
106, songs, 9.975929265182541e-06
107, lions, 9.871209081350809e-06
108, penis, 9.765299547931543e-06
109, wants, 9.712826043456799e-06
110, jones, 9.680096804090359e-06
111, loves, 9.662118635318229e-06
112, bills, 9.599251844721254e-06
113, plans, 9.54812173955722e-06
114, since, 9.307616497991135e-06
115, share, 9.248627725379489e-06
116, sense, 9.14196645044806e-06
117, roads, 9.039588563288671e-06
118, tours, 9.027343805731538e-06
119, wages, 9.005827210862347e-06
120, sorry, 9.001222113780761e-06
121, dolls, 8.935142286072703e-06
122, cross, 8.867777994583704e-06
123, foods, 8.84940345036109e-06
124, races, 8.741468933001142e-06
125, class, 8.69143779132919e-06
126, sheet, 8.61863584182346e-06
127, meets, 8.58328502957309e-06
128, shine, 8.552224386673263e-06
129, seeks, 8.469824281733879e-06
130, feels, 8.377701680434466e-06
131, leads, 8.299745826903698e-06
132, cakes, 8.297749925173948e-06
133, peers, 8.28597043359605e-06
134, books, 8.193017484078048e-06
135, sauce, 8.175302099504636e-06
136, banks, 8.172042178704562e-06
137, tried, 8.117951579298535e-06
138, signs, 8.060698042837414e-06
139, lands, 8.043518386558718e-06
140, sally, 8.026777607529726e-06
141, marie, 8.008362604219434e-06
142, tired, 8.000898591337993e-06
143, waves, 7.934480036911584e-06
144, basis, 7.89020617697186e-06
145, birds, 7.883421696271454e-06
146, rules, 7.872591154670461e-06
147, tanks, 7.869219251050036e-06
148, diane, 7.768176941455005e-06
149, takes, 7.704761389368023e-06
150, burns, 7.627461067793707e-06
151, costs, 7.613088845128533e-06
152, walls, 7.547257553996008e-06
153, rolls, 7.531098831419717e-06
154, seems, 7.4622408476268585e-06
155, suite, 7.417352678539828e-06
156, moore, 7.392348192620818e-06
157, monte, 7.3877136531149075e-06
158, chris, 7.370673096444064e-06
159, chaos, 7.365289403021866e-06
160, sheer, 7.35295441676773e-06
161, turns, 7.344818119971041e-06
162, sluts, 7.33900835174374e-06
163, trace, 7.33261643368898e-06
164, buses, 7.204917241948129e-06
165, teams, 7.153939138546894e-06
166, games, 7.146627802883304e-06
167, pills, 7.022197394713671e-06
168, casey, 7.0063500387751425e-06
169, saver, 6.94525432924396e-06
170, stats, 6.930596323914979e-06
171, notes, 6.856852154773022e-06
172, reads, 6.8011143204932555e-06
173, breed, 6.769836828065341e-06
174, shore, 6.760880472640417e-06
175, mills, 6.754801930600556e-06
176, louis, 6.729929265571053e-06
177, lives, 6.727406648966976e-06
178, peace, 6.693195910024431e-06
179, panel, 6.659598387898973e-06
180, areas, 6.6584555924470315e-06
181, saved, 6.572174930640856e-06
182, sandy, 6.536038116422006e-06
183, talks, 6.512747838395802e-06
184, stars, 6.435762872820078e-06
185, booty, 6.391419059842043e-06
186, board, 6.323235360569694e-06
187, leone, 6.311647806026259e-06
188, shade, 6.301802300596003e-06
189, plots, 6.2746760060350416e-06
190, rides, 6.257028034424787e-06
191, coast, 6.247806073109417e-06
192, solid, 6.194970211736763e-06
193, carry, 6.191839106927211e-06
194, woods, 6.161348847709921e-06
195, belle, 6.137758439307364e-06
196, force, 6.086802092924351e-06
197, homes, 6.083091113326782e-06
198, fired, 6.078177340155257e-06
199, honey, 6.048913875763409e-06
200, salad, 6.047024598329442e-06
201, parks, 6.029346923482529e-06
202, bonus, 5.974183729611483e-06
203, barry, 5.970593007739324e-06
204, solar, 5.945537547121848e-06
205, alias, 5.940780280784269e-06
206, lance, 5.910988970074854e-06
207, trade, 5.9042017269829e-06
208, watts, 5.8605107890093835e-06
209, clone, 5.854998175792436e-06
210, votes, 5.8407626683733405e-06
211, marks, 5.799757817924592e-06
212, words, 5.766826620764485e-06
213, dance, 5.746700413306432e-06
214, finds, 5.71802933593584e-06
215, paint, 5.6945856376593406e-06
216, taxes, 5.6736587137394175e-06
217, plane, 5.649815390985292e-06
218, feeds, 5.645869754041106e-06
219, makes, 5.630323908074537e-06
220, lease, 5.544009025793752e-06
221, minds, 5.500294769082736e-06
222, slide, 5.494841771462371e-06
223, lined, 5.491799665391491e-06
224, boxes, 5.481917728877816e-06
225, dried, 5.463674417489673e-06
226, looks, 5.461662690318831e-06
227, later, 5.405525481236738e-06
228, loose, 5.386646515349039e-06
229, posts, 5.370248107240125e-06
230, fotos, 5.354436093387332e-06
231, lakes, 5.333829640171574e-06
232, tests, 5.318524454534799e-06
233, farms, 5.312086461339685e-06
234, press, 5.304368818379841e-06
235, corps, 5.30258045877122e-06
236, point, 5.2982504039829245e-06
237, whats, 5.290726974896978e-06
238, wells, 5.2831255704368755e-06
239, sarah, 5.275182742247866e-06
240, goods, 5.264815397717007e-06
241, based, 5.261725883155226e-06
242, silly, 5.199803073648433e-06
243, bless, 5.195182871346982e-06
244, pipes, 5.187838154214721e-06
245, bikes, 5.1832697744978e-06
246, cited, 5.154965310648877e-06
247, leeds, 5.144891267568986e-06
248, wives, 5.140012057270916e-06
249, nails, 5.094548171448742e-06
250, girls, 5.091123061731666e-06
251, grass, 5.090863562302783e-06
252, plate, 5.079040269829923e-06
253, raise, 5.009750138208905e-06
254, filed, 4.987718772760101e-06
255, dated, 4.97298658493785e-06
256, meant, 4.96735111483578e-06
257, heads, 4.95725666027064e-06
258, forms, 4.9423726379069115e-06
259, fairy, 4.9277047385287284e-06
260, hints, 4.918712415175509e-06
261, terms, 4.894770076394202e-06
262, false, 4.8796926305627736e-06
263, craps, 4.8527917514958164e-06
264, hands, 4.804217614053472e-06
265, joins, 4.783683714102432e-06
266, chess, 4.769701876610166e-06
267, cause, 4.755951221726572e-06
268, brand, 4.74300913677981e-06
269, sound, 4.737728845554695e-06
270, bride, 4.733024566282704e-06
271, party, 4.703527475687141e-06
272, dress, 4.699346488527956e-06
273, santa, 4.662853801260682e-06
274, jeans, 4.662461417607354e-06
275, chile, 4.619829674676056e-06
276, tuner, 4.613635974820043e-06
277, folks, 4.603299332733657e-06
278, danny, 4.595957603458363e-06
279, facts, 4.570443636300335e-06
280, chase, 4.5529841298600525e-06
281, fence, 4.540634720334547e-06
282, beast, 4.5326977163064375e-06
283, satin, 4.523164087086753e-06
284, taste, 4.4957867986159335e-06
285, spots, 4.487010294867177e-06
286, poems, 4.477749968360816e-06
287, ranks, 4.464027640424483e-06
288, wiley, 4.458873779256642e-06
289, daily, 4.4139757593117635e-06
290, boost, 4.404040513836808e-06
291, fleet, 4.3951360072695745e-06
292, blade, 4.3930173116287465e-06
293, gives, 4.392092590834104e-06
294, forty, 4.376168510558618e-06
295, dairy, 4.365645141278202e-06
296, price, 4.300036939711374e-06
297, seven, 4.286739644504009e-06
298, shake, 4.268057956980556e-06
299, salon, 4.241845273408715e-06
300, const, 4.238484210358949e-06
301, wired, 4.2318977952591885e-06
302, rated, 4.1915452781169775e-06
303, candy, 4.183146861673447e-06
304, berry, 4.179450928259117e-06
305, brake, 4.1526533106365905e-06
306, peter, 4.152353659601876e-06
307, tracy, 4.142652546680836e-06
308, cover, 4.135681080554801e-06
309, water, 4.130041128658164e-06
310, nodes, 4.1138409122583405e-06
311, names, 4.106268529137588e-06
312, butts, 4.102166003004681e-06
313, state, 4.100973034030123e-06
314, boobs, 4.097854949315408e-06
315, sunny, 4.096618137723657e-06
316, alone, 4.077433426512919e-06
317, alien, 4.064683400387016e-06
318, hopes, 4.055394075551187e-06
319, socks, 4.036353182925713e-06
320, terry, 4.024577331377549e-06
321, tract, 3.996435328069361e-06
322, meter, 3.994237834659831e-06
323, place, 3.99113430582326e-06
324, title, 3.987603636324793e-06
325, winds, 3.981146713194803e-06
326, larry, 3.980141032631748e-06
327, brain, 3.972991085223901e-06
328, coach, 3.9723834426615075e-06
329, rooms, 3.943074827919114e-06
330, davis, 3.941803669175654e-06
331, works, 3.905731895612359e-06
332, tubes, 3.9038335393509e-06
333, shirt, 3.89107621649924e-06
334, dealt, 3.8614229075664475e-06
335, arise, 3.85872558415543e-06
336, worse, 3.852086497886552e-06
337, piece, 3.839625335192805e-06
338, train, 3.82576805753224e-06
339, hills, 3.822037918240663e-06
340, write, 3.8099502391021386e-06
341, shame, 3.760323162229665e-06
342, close, 3.759532946907107e-06
343, count, 3.7559035718952353e-06
344, hours, 3.732643749822117e-06
345, gross, 3.7214948064997662e-06
346, ships, 3.712553412230966e-06
347, laser, 3.7067069447439615e-06
348, holds, 3.6993518564933623e-06
349, colin, 3.6944006222595945e-06
350, short, 3.6848268028280313e-06
351, fancy, 3.664665545385071e-06
352, diary, 3.66366267542652e-06
353, dense, 3.656498212812282e-06
354, phone, 3.6563555235583188e-06
355, glass, 3.6474910198702844e-06
356, loops, 3.6417067363315512e-06
357, penny, 3.6313994408213147e-06
358, wrote, 3.608000968717948e-06
359, motel, 3.596233113657794e-06
360, booth, 3.5633644367585407e-06
361, crops, 3.5474608736219113e-06
362, links, 3.5290455070115527e-06
363, shops, 3.5157667337154296e-06
364, james, 3.4977770250752993e-06
365, salem, 3.487349531912367e-06
366, trips, 3.478316713607032e-06
367, belly, 3.4676027117262607e-06
368, pride, 3.462377414000573e-06
369, likes, 3.4552924116477162e-06
370, walks, 3.444773471847886e-06
371, firms, 3.4412070272445295e-06
372, tooth, 3.431320520752921e-06
373, paste, 3.4153900507001355e-06
374, lists, 3.4073363853649777e-06
375, there, 3.4070310693597024e-06
376, spare, 3.3726932734538622e-06
377, daisy, 3.3579848584414683e-06
378, janet, 3.3553627610591432e-06
379, canal, 3.347511042156466e-06
380, stone, 3.3347668384265395e-06
381, chose, 3.328297171194605e-06
382, print, 3.3175992405155216e-06
383, grace, 3.314077968835545e-06
384, hired, 3.3082271776286083e-06
385, canon, 3.280278679057096e-06
386, route, 3.2631879732108695e-06
387, tasks, 3.2559058476269363e-06
388, blair, 3.2283690336064304e-06
389, chart, 3.226113600607411e-06
390, phase, 3.2116601951021194e-06
391, billy, 3.209026011700389e-06
392, genre, 3.1922762156825753e-06
393, creek, 3.191627469445313e-06
394, camel, 3.173930105211758e-06
395, menus, 3.16289823313175e-06
396, funds, 3.1468491538511398e-06
397, front, 3.1417474041390065e-06
398, coral, 3.1412058406158553e-06
399, court, 3.1353877899831848e-06
400, spine, 3.118736153997102e-06
401, those, 3.0904444901580266e-06
402, plant, 3.0792721847369646e-06
403, perry, 3.057418421196453e-06
404, ferry, 3.057418421196453e-06
405, merit, 3.0553383625375676e-06
406, south, 3.0488914669760766e-06
407, faced, 3.0478825317405053e-06
408, alice, 3.0415966559493626e-06
409, broke, 3.0356495591757107e-06
410, tiger, 3.0347739354977743e-06
411, least, 3.0216054160453215e-06
412, horse, 3.0113149842986693e-06
413, mouse, 3.0024845500383775e-06
414, specs, 2.989903702742916e-06
415, flags, 2.978424100046713e-06
416, blogs, 2.9763009930660917e-06
417, blake, 2.9752841485168652e-06
418, chair, 2.963968395204985e-06
419, faith, 2.9585451086781548e-06
420, allen, 2.956403807265288e-06
421, learn, 2.9550714213574863e-06
422, shall, 2.945379776919955e-06
423, merry, 2.9409962000923788e-06
424, bruce, 2.939354353108457e-06
425, whale, 2.939291121171906e-06
426, trail, 2.9391839755359607e-06
427, crime, 2.9288784514573884e-06
428, logos, 2.92739814103532e-06
429, minus, 2.9270431321782376e-06
430, bound, 2.9238597859246942e-06
431, hosts, 2.9229158257048433e-06
432, beach, 2.8819097693095114e-06
433, solve, 2.8729625871236094e-06
434, color, 2.864682659668562e-06
435, treat, 2.8631386232659186e-06
436, laden, 2.8595508085303332e-06
437, space, 2.8540534525132774e-06
438, shape, 2.845839498755684e-06
439, giant, 2.8431405510438392e-06
440, trend, 2.831173050173168e-06
441, broad, 2.830741316400816e-06
442, worry, 2.8293408521039438e-06
443, films, 2.8238354905095773e-06
444, timer, 2.8183605460784456e-06
445, fatty, 2.813905562241705e-06
446, fixes, 2.7921804078416813e-06
447, brian, 2.7852813568520507e-06
448, store, 2.78382738733822e-06
449, teach, 2.7751178151694962e-06
450, green, 2.7453595571292167e-06
451, helen, 2.733356277621743e-06
452, shoot, 2.7130473351122374e-06
453, cindy, 2.709872002489243e-06
454, rally, 2.705975417726486e-06
455, blast, 2.7028351771958423e-06
456, dirty, 2.6994364334002034e-06
457, betty, 2.6926235071055976e-06
458, grams, 2.69097105885918e-06
459, forge, 2.68779217866767e-06
460, polar, 2.684189137865514e-06
461, clips, 2.683941500163369e-06
462, hairy, 2.68204855288306e-06
463, frame, 2.6764318171503873e-06
464, grade, 2.6684860777738537e-06
465, weeks, 2.6623073564380765e-06
466, lover, 2.658433735492163e-06
467, moved, 2.6554678018741903e-06
468, sizes, 2.6532171075769884e-06
469, horny, 2.6495285031442463e-06
470, derek, 2.645239601624838e-06
471, serve, 2.6341032266562104e-06
472, large, 2.6325139429157936e-06
473, acres, 2.6298634621021473e-06
474, blind, 2.623223849227304e-06
475, blame, 2.621339731243416e-06
476, these, 2.6206341498017002e-06
477, chain, 2.6134293224971093e-06
478, discs, 2.60308353597691e-06
479, dover, 2.584545889671507e-06
480, cocks, 2.5833169649574234e-06
481, drain, 2.57487998776586e-06
482, could, 2.5592757301093634e-06
483, cable, 2.557873406896629e-06
484, grant, 2.5569042095615155e-06
485, mount, 2.548516630165976e-06
486, karen, 2.5456813476908615e-06
487, carol, 2.54169188379202e-06
488, speed, 2.537361711381936e-06
489, bunny, 2.5282023141570326e-06
490, colon, 2.525885793700934e-06
491, manor, 2.5243326711778614e-06
492, loved, 2.5156302019933997e-06
493, hayes, 2.514845773821105e-06
494, reset, 2.4921946188594524e-06
495, pearl, 2.49132720526249e-06
496, mercy, 2.488741097439411e-06
497, blond, 2.484177901338308e-06
498, roger, 2.472556704029373e-06
499, hence, 2.471374286211781e-06
500, array, 2.456886003662822e-06
501, crude, 2.454462266773613e-06
502, alter, 2.4444648869965956e-06
503, ellis, 2.44035898500946e-06
504, forth, 2.439815492269186e-06
505, crest, 2.425104134730513e-06
506, white, 2.416630640847587e-06
507, fault, 2.4034543415975947e-06
508, lotus, 2.4029759658998747e-06
509, bread, 2.400411133945095e-06
510, waste, 2.377946679841177e-06
511, harry, 2.3772511898946764e-06
512, death, 2.37686816692517e-06
513, chips, 2.3760810262334605e-06
514, table, 2.3750781166058405e-06
515, movie, 2.3562289202951544e-06
516, slope, 2.349893400026075e-06
517, heart, 2.3463028086323015e-06
518, built, 2.3423944714225574e-06
519, rings, 2.341592358147171e-06
520, month, 2.326979426376151e-06
521, birth, 2.322184124435229e-06
522, aaron, 2.3039597224844847e-06
523, slave, 2.2956651458727438e-06
524, surge, 2.281279815699884e-06
525, ready, 2.2736097683500906e-06
526, while, 2.2689306411112324e-06
527, crash, 2.260932787824688e-06
528, early, 2.236183054493154e-06
529, baths, 2.231271645792745e-06
530, world, 2.2279496177605e-06
531, drops, 2.216944498645926e-06
532, randy, 2.2034195211500726e-06
533, paper, 2.2034044733061223e-06
534, spice, 2.2031330218133722e-06
535, baker, 2.201464168307238e-06
536, fever, 2.194885678508011e-06
537, teeth, 2.189163241704051e-06
538, wings, 2.183295237327397e-06
539, rover, 2.1784175233331413e-06
540, delay, 2.1738554230902766e-06
541, badly, 2.1667435900903342e-06
542, choir, 2.1667037142899488e-06
543, donor, 2.163122466816793e-06
544, model, 2.157598060895242e-06
545, whole, 2.148664270484636e-06
546, pound, 2.138908417380383e-06
547, found, 2.138908417380383e-06
548, range, 2.138857918150837e-06
549, noise, 2.1337381587035364e-06
550, moral, 2.1314219522266538e-06
551, whore, 2.1251375730577003e-06
552, purse, 2.120015751926413e-06
553, blend, 2.1065323979001484e-06
554, first, 2.0995361816978944e-06
555, worst, 2.0994708650249e-06
556, trash, 2.0993579952004495e-06
557, plain, 2.082360952413538e-06
558, start, 2.0755354971790223e-06
559, prime, 2.0660213325029018e-06
560, grand, 2.064233212352675e-06
561, trial, 2.0605267305696087e-06
562, steel, 2.0509083075569507e-06
563, carlo, 2.049840904069321e-06
564, ruled, 2.049708643013658e-06
565, kills, 2.044716691176889e-06
566, maria, 2.0422899458493777e-06
567, hotel, 2.0348397280112013e-06
568, child, 2.0327505578837513e-06
569, autos, 2.025560700171877e-06
570, field, 2.0185672815692623e-06
571, frost, 2.017336730446011e-06
572, stand, 2.0072323120276958e-06
573, aimed, 2.0002246478344986e-06
574, voice, 1.999589521409645e-06
575, elite, 1.9853313382405864e-06
576, march, 1.9821700278647055e-06
577, diana, 1.981037878673684e-06
578, brave, 1.977388973747098e-06
579, packs, 1.958577663042095e-06
580, cheat, 1.9558452890747674e-06
581, bench, 1.955074935099326e-06
582, merge, 1.945210845377067e-06
583, guess, 1.931151223401384e-06
584, donna, 1.930191922312307e-06
585, needs, 1.92995058666523e-06
586, flame, 1.917604135109706e-06
587, basin, 1.9141634386790836e-06
588, truly, 1.9105956722675226e-06
589, camps, 1.899746533959716e-06
590, heard, 1.8942110407201144e-06
591, build, 1.8910557721561775e-06
592, women, 1.8877950012127265e-06
593, clear, 1.8848189526312438e-06
594, today, 1.8777632707408697e-06
595, scale, 1.8705069004602535e-06
596, weird, 1.870453114120179e-06
597, taken, 1.8691745468348014e-06
598, third, 1.8668156285120736e-06
599, years, 1.8608647171742409e-06
600, latin, 1.8608427602185624e-06
601, liver, 1.8509775612374332e-06
602, shark, 1.8499808028617356e-06
603, funny, 1.849470770323155e-06
604, float, 1.8377833030481455e-06
605, perth, 1.8356437317536973e-06
606, holly, 1.8350822241262582e-06
607, relay, 1.8322618165833857e-06
608, shell, 1.8257979232121842e-06
609, where, 1.802073492896467e-06
610, armed, 1.7988498036929688e-06
611, bytes, 1.7930152009330158e-06
612, noted, 1.7852507324944905e-06
613, snake, 1.7573948658715196e-06
614, lived, 1.7515482872846283e-06
615, catch, 1.7476469342236398e-06
616, total, 1.7449423387113106e-06
617, super, 1.739992796713448e-06
618, pulse, 1.7396732231837765e-06
619, prior, 1.7396600322408897e-06
620, token, 1.7390826002140317e-06
621, burke, 1.7387059800716008e-06
622, euros, 1.7366227730081634e-06
623, grain, 1.7291090769579104e-06
624, rider, 1.7215576664348444e-06
625, their, 1.7060188601285286e-06
626, clara, 1.7051056915484771e-06
627, house, 1.6988817610168123e-06
628, worth, 1.6987082187222664e-06
629, batch, 1.6852002103541408e-06
630, oasis, 1.6806764243562605e-06
631, malta, 1.6758918557766127e-06
632, filme, 1.6709201716390522e-06
633, maple, 1.670868061848283e-06
634, kinds, 1.6649702887345054e-06
635, clean, 1.6619074367910447e-06
636, locks, 1.6605673492093246e-06
637, alike, 1.6587058466046432e-06
638, cloth, 1.6578935906481116e-06
639, henry, 1.6499576961808605e-06
640, pilot, 1.6491567770886406e-06
641, towns, 1.6391578562721357e-06
642, minor, 1.6352804854327333e-06
643, whose, 1.6346220458824167e-06
644, shows, 1.6322583849975035e-06
645, paths, 1.6322553248356077e-06
646, wanna, 1.6303775698166985e-06
647, piano, 1.6220113063629272e-06
648, handy, 1.606048006527164e-06
649, wider, 1.6051763411483715e-06
650, bible, 1.597800371970245e-06
651, round, 1.5971761544630804e-06
652, porno, 1.5939166891285959e-06
653, jokes, 1.5857117891068788e-06
654, milan, 1.5851311685360834e-06
655, leave, 1.5838464271244371e-06
656, crack, 1.57961060045846e-06
657, burst, 1.5794913867574278e-06
658, frank, 1.5773258001263796e-06
659, atlas, 1.5750986714133723e-06
660, reach, 1.5742607032709124e-06
661, alert, 1.5731240777219575e-06
662, story, 1.5727577897968222e-06
663, wheel, 1.565636692529573e-06
664, rhode, 1.5530067748426652e-06
665, texts, 1.5505991365434977e-06
666, maker, 1.5491263959708614e-06
667, drums, 1.5468124256548924e-06
668, sucks, 1.5466570331427475e-06
669, blank, 1.5448578822339799e-06
670, tribe, 1.5438959881925776e-06
671, joint, 1.5427394626095256e-06
672, chest, 1.5382303157368923e-06
673, final, 1.5296819315046814e-06
674, swiss, 1.5279095988129226e-06
675, blood, 1.5268620978601702e-06
676, ranch, 1.5256605655260588e-06
677, sagem, 1.5253707956891376e-06
678, voted, 1.5207015692735389e-06
679, river, 1.5167584961261315e-06
680, ellen, 1.5163861707823902e-06
681, haven, 1.5047671142264165e-06
682, safer, 1.502516788870383e-06
683, poker, 1.4983650005893965e-06
684, fruit, 1.491374552041613e-06
685, wound, 1.4892033103368045e-06
686, spain, 1.4890928268044798e-06
687, wrist, 1.4831765737790781e-06
688, fiber, 1.4826881614707226e-06
689, mario, 1.481433805417257e-06
690, korea, 1.4732406958829002e-06
691, notre, 1.4709743249860031e-06
692, track, 1.4667256635109604e-06
693, racks, 1.4625186916165865e-06
694, heath, 1.4602368312576559e-06
695, katie, 1.4502740795182126e-06
696, stops, 1.4476350765874865e-06
697, smile, 1.4439027118797776e-06
698, wendy, 1.4381365716585453e-06
699, drill, 1.4336881186432244e-06
700, focus, 1.4318211472547006e-06
701, boxed, 1.4272726639061702e-06
702, fatal, 1.4247718636707097e-06
703, touch, 1.4237837710940924e-06
704, stage, 1.4230104993451937e-06
705, drugs, 1.42161350869588e-06
706, eagle, 1.4206802743121702e-06
707, disks, 1.4195668817164403e-06
708, sweet, 1.4189473524288014e-06
709, badge, 1.417418924974103e-06
710, motor, 1.4171205596907065e-06
711, twins, 1.4140928144821251e-06
712, label, 1.4128459961200955e-06
713, texas, 1.408226141609494e-06
714, draws, 1.4079839916879684e-06
715, trust, 1.402206123176435e-06
716, china, 1.3958581711007989e-06
717, theme, 1.3852366237417898e-06
718, scene, 1.3737647913714684e-06
719, spent, 1.364976728773401e-06
720, rocks, 1.3607294264653751e-06
721, level, 1.3548854407280249e-06
722, score, 1.352395639274719e-06
723, lucas, 1.348502573321284e-06
724, sport, 1.3437442765305664e-06
725, greek, 1.3394138936582966e-06
726, clark, 1.3374192099023362e-06
727, honor, 1.3289214524055848e-06
728, earth, 1.3278816136076802e-06
729, mouth, 1.3240474180772223e-06
730, devel, 1.3172280918866288e-06
731, thank, 1.3169757555672583e-06
732, gonna, 1.296181720701048e-06
733, singh, 1.294575772064031e-06
734, great, 1.294035317256332e-06
735, fully, 1.2919283573830096e-06
736, sonic, 1.275909090992115e-06
737, spray, 1.2750490077855615e-06
738, condo, 1.2743609162557147e-06
739, picks, 1.268780406063809e-06
740, guide, 1.2605410007984335e-06
741, would, 1.2569335953937805e-06
742, helps, 1.2569056537392487e-06
743, nancy, 1.2527075060818486e-06
744, cedar, 1.2522499467551711e-06
745, trout, 1.2518264569288e-06
746, annie, 1.2399911710173996e-06
747, yards, 1.2393317336278398e-06
748, patch, 1.2327844625961482e-06
749, arena, 1.230674564070883e-06
750, steps, 1.227565138360398e-06
751, lamps, 1.2211653114425623e-06
752, verse, 1.2120645434974284e-06
753, risks, 1.1965000826770076e-06
754, blink, 1.1925240612999773e-06
755, match, 1.1858417529287316e-06
756, floor, 1.1803600478666292e-06
757, brick, 1.1757810654857358e-06
758, begin, 1.1723388409509536e-06
759, marco, 1.1641178192125466e-06
760, glory, 1.1588460375764538e-06
761, layer, 1.1584791400047977e-06
762, fibre, 1.1560500932042308e-06
763, tamil, 1.1506169759856824e-06
764, herbs, 1.148964721436742e-06
765, costa, 1.1488170649408018e-06
766, shock, 1.1444015498098169e-06
767, flash, 1.142678031862297e-06
768, spoke, 1.1377735027074656e-06
769, truth, 1.1345425675884514e-06
770, rouge, 1.1323046283610169e-06
771, trick, 1.132211360784629e-06
772, dicks, 1.1240618724114652e-06
773, cabin, 1.116972445194964e-06
774, flood, 1.1169544480257447e-06
775, simon, 1.1162221676344802e-06
776, split, 1.1114166133901513e-06
777, probe, 1.1107082096475603e-06
778, spend, 1.101969439092034e-06
779, ahead, 1.0996105964783766e-06
780, bitch, 1.0916845665802876e-06
781, black, 1.0913162403931648e-06
782, break, 1.0912328488798544e-06
783, alloy, 1.0874598418576544e-06
784, delta, 1.0804680305920184e-06
785, drink, 1.0787076987921593e-06
786, verde, 1.073699919939658e-06
787, samoa, 1.0717766527451532e-06
788, named, 1.0691084967260194e-06
789, given, 1.0655213397597782e-06
790, began, 1.0646969701862697e-06
791, prove, 1.0574350826408116e-06
792, kenny, 1.057387400497665e-06
793, jenny, 1.057387400497665e-06
794, hoped, 1.0558628187559677e-06
795, guard, 1.0545058851651758e-06
796, fraud, 1.0502605940760796e-06
797, allan, 1.048265238236961e-06
798, scary, 1.0451950497423034e-06
799, login, 1.0387301464714109e-06
800, tower, 1.0384535734883727e-06
801, bacon, 1.0362942695402812e-06
802, david, 1.02628840886511e-06
803, think, 1.0166147285934001e-06
804, laura, 1.0135835612912405e-06
805, smart, 1.0083043109323956e-06
806, clubs, 1.0067486537324982e-06
807, susan, 1.0042474834133991e-06
808, sugar, 9.964968625779399e-07
809, bunch, 9.957191449695891e-07
810, drive, 9.892592660016308e-07
811, fresh, 9.886271039033182e-07
812, teddy, 9.842746332312155e-07
813, gauge, 9.696197558994378e-07
814, brook, 9.687881978357727e-07
815, grill, 9.6276453708573e-07
816, wheat, 9.605716266944336e-07
817, metal, 9.593712023815913e-07
818, yours, 9.547230643800471e-07
819, bucks, 9.545097343565287e-07
820, daddy, 9.463523942854587e-07
821, logan, 9.433559660039614e-07
822, radar, 9.422873050893196e-07
823, elvis, 9.404344457108467e-07
824, busty, 9.403714067261256e-07
825, drove, 9.368228365334837e-07
826, still, 9.361791468854135e-07
827, vegas, 9.3482670325708e-07
828, digit, 9.347079253683756e-07
829, patio, 9.213581842171485e-07
830, mason, 9.209243819190427e-07
831, kings, 9.130840844517741e-07
832, stood, 9.0186331043738e-07
833, liked, 8.996202877996768e-07
834, casio, 8.956645349539205e-07
835, virus, 8.936216295210297e-07
836, sleep, 8.935445764443007e-07
837, limit, 8.928689534536976e-07
838, kerry, 8.902561586261114e-07
839, jerry, 8.902561586261114e-07
840, milfs, 8.814575790644194e-07
841, lodge, 8.791228568070948e-07
842, sudan, 8.786443622849262e-07
843, valid, 8.752879875272475e-07
844, click, 8.736378278259388e-07
845, pasta, 8.70991625432119e-07
846, fluid, 8.626483676875714e-07
847, brief, 8.619391141194141e-07
848, grave, 8.605912144879398e-07
849, curve, 8.586076937162597e-07
850, watch, 8.583194529097375e-07
851, meyer, 8.560206084927515e-07
852, dodge, 8.546887348525179e-07
853, craig, 8.5427529234466e-07
854, glenn, 8.542582336700424e-07
855, being, 8.49898059100154e-07
856, zones, 8.42000021951471e-07
857, brush, 8.415491411189263e-07
858, favor, 8.369787484028917e-07
859, north, 8.340120381433706e-07
860, flows, 8.323820303738922e-07
861, clerk, 8.290466428262324e-07
862, clock, 8.273299994194829e-07
863, wayne, 8.267128343357983e-07
864, guild, 8.230176284134859e-07
865, lanka, 8.220563202953499e-07
866, apart, 8.192931404090661e-07
867, rebel, 8.10423209155532e-07
868, spank, 8.081462101695058e-07
869, jamie, 8.080588621290358e-07
870, allah, 8.053400896249961e-07
871, trunk, 8.014581133849537e-07
872, pitch, 7.98606458429868e-07
873, block, 7.977679368478157e-07
874, scott, 7.937580690490408e-07
875, sheep, 7.910508906598314e-07
876, alive, 7.898339703352376e-07
877, power, 7.888995101142428e-07
878, niger, 7.8809084285684e-07
879, linda, 7.862881035786793e-07
880, error, 7.808103259824664e-07
881, cloud, 7.798163762104729e-07
882, chick, 7.73427537958884e-07
883, proud, 7.677556663014389e-07
884, lewis, 7.67502036134102e-07
885, juice, 7.662062898185407e-07
886, civil, 7.61556708655798e-07
887, ghost, 7.612696621070365e-07
888, ghana, 7.588663246640732e-07
889, cargo, 7.575833189780722e-07
890, elder, 7.522333312412973e-07
891, never, 7.502866852122578e-07
892, welsh, 7.490978012507506e-07
893, cache, 7.434566358261796e-07
894, keeps, 7.423976565775838e-07
895, mixer, 7.389865512083899e-07
896, kelly, 7.386268490221923e-07
897, acids, 7.329531851324907e-07
898, doing, 7.321074524909673e-07
899, punch, 7.28404306791579e-07
900, steal, 7.271996742596644e-07
901, fixed, 7.269723782634384e-07
902, tommy, 7.249623993014289e-07
903, nurse, 7.246935941519633e-07
904, focal, 7.197809903797914e-07
905, lower, 7.18897597251704e-07
906, thick, 7.181554862072634e-07
907, roman, 7.178952633295494e-07
908, funky, 7.124876002143765e-07
909, julie, 7.091989035753886e-07
910, flesh, 7.083294296452508e-07
911, bring, 7.073378035366843e-07
912, gotta, 7.030774203325578e-07
913, manga, 7.026427404918385e-07
914, plays, 7.010900884850216e-07
915, vault, 6.998355261909503e-07
916, mixed, 6.992902859557652e-07
917, congo, 6.988705314164436e-07
918, myers, 6.927263726534002e-07
919, grows, 6.911766773901378e-07
920, sized, 6.907918791090701e-07
921, ratio, 6.880010895245957e-07
922, elect, 6.828012328366195e-07
923, skins, 6.805351648484213e-07
924, aware, 6.786622618079904e-07
925, novel, 6.755245765996446e-07
926, honda, 6.745016287164708e-07
927, craft, 6.710563521303599e-07
928, value, 6.698119738755533e-07
929, woman, 6.69363864241306e-07
930, spell, 6.658129786547436e-07
931, dicke, 6.651299847654172e-07
932, shaft, 6.650609219713689e-07
933, lunch, 6.637703525819507e-07
934, nasty, 6.5959170507135e-07
935, dryer, 6.561579887849406e-07
936, local, 6.559122142901958e-07
937, tyler, 6.516002616757486e-07
938, claim, 6.47839617104614e-07
939, stack, 6.446018135327304e-07
940, types, 6.413375542500185e-07
941, rural, 6.340088754303333e-07
942, grove, 6.291046098645596e-07
943, tough, 6.287102530422658e-07
944, derby, 6.252077335244135e-07
945, smoke, 6.241037200959917e-07
946, guest, 6.227968608846419e-07
947, check, 6.210869753332136e-07
948, buyer, 6.195586674647644e-07
949, panic, 6.191150606593221e-07
950, modem, 6.163215490487175e-07
951, outer, 6.157832821106776e-07
952, photo, 6.080430629868062e-07
953, rapid, 6.078695412571823e-07
954, emacs, 6.048413326338103e-07
955, drama, 6.046911441320978e-07
956, order, 6.037222528628379e-07
957, keith, 6.030315944267074e-07
958, which, 5.981463454444138e-07
959, fewer, 5.935442435353627e-07
960, quiet, 5.919877061063751e-07
961, cohen, 5.916660843012008e-07
962, twice, 5.910936723937813e-07
963, small, 5.891716001242709e-07
964, tulsa, 5.839917985648632e-07
965, wagon, 5.83201408056852e-07
966, latex, 5.81541174342875e-07
967, flour, 5.813060503499711e-07
968, argue, 5.787102889047104e-07
969, metro, 5.761018581720488e-07
970, medal, 5.755848913342236e-07
971, noble, 5.738497351484708e-07
972, mpegs, 5.733572117832268e-07
973, audit, 5.732292982684937e-07
974, chief, 5.669826351799909e-07
975, venue, 5.665288771941362e-07
976, truck, 5.661648655131082e-07
977, stays, 5.660816600296701e-07
978, study, 5.658709317484356e-07
979, labor, 5.567417476844365e-07
980, opens, 5.563873062578566e-07
981, witch, 5.560253874762365e-07
982, align, 5.506586704724879e-07
983, robin, 5.474026452207804e-07
984, legal, 5.452744467206545e-07
985, drunk, 5.394102376709773e-07
986, realm, 5.372911911871985e-07
987, anger, 5.346059113936063e-07
988, heavy, 5.34452635864819e-07
989, decor, 5.331962290586434e-07
990, anime, 5.327107770916946e-07
991, charm, 5.325803437387091e-07
992, kitty, 5.307809075817575e-07
993, flyer, 5.306491102311548e-07
994, naked, 5.209350318442069e-07
995, buddy, 5.205814586801641e-07
996, pixel, 5.204059756582401e-07
997, steve, 5.187369623600477e-07
998, devil, 5.142751638710662e-07
999, shift, 5.133813024498543e-07
1000, media, 5.131303492613639e-07
1001, reply, 5.12961185659344e-07
1002, cream, 5.090365909183416e-07
1003, armor, 5.074324436533173e-07
1004, ridge, 5.015799507802961e-07
1005, stick, 4.975882774950018e-07
1006, robot, 4.975263418385868e-07
1007, jesse, 4.972352538669563e-07
1008, lemon, 4.962197822390882e-07
1009, going, 4.916320944763869e-07
1010, pussy, 4.913543384157433e-07
1011, sword, 4.89766564957134e-07
1012, smith, 4.844059614652381e-07
1013, pumps, 4.77753993009703e-07
1014, globe, 4.7344758757592134e-07
1015, stock, 4.7121323759014383e-07
1016, bingo, 4.692127968011771e-07
1017, laugh, 4.677999148007798e-07
1018, adams, 4.663213092367287e-07
1019, sharp, 4.626547368315828e-07
1020, yeast, 4.616100280981639e-07
1021, ralph, 4.591328711443985e-07
1022, dildo, 4.589206311339683e-07
1023, units, 4.5859072070316895e-07
1024, devon, 4.576749454373844e-07
1025, agree, 4.5724332444312224e-07
1026, enter, 4.570430521991866e-07
1027, cisco, 4.5593793751626385e-07
1028, chevy, 4.5552920628835567e-07
1029, rocky, 4.5489129726446297e-07
1030, sight, 4.531736089897978e-07
1031, doubt, 4.5226624876038344e-07
1032, hello, 4.520702412197579e-07
1033, sixth, 4.5004387294242224e-07
1034, viral, 4.4922640146411495e-07
1035, retro, 4.472190745751787e-07
1036, macro, 4.4687103382675177e-07
1037, flush, 4.410805444594759e-07
1038, calif, 4.357010289033412e-07
1039, aside, 4.3370311975361073e-07
1040, older, 4.325536264847336e-07
1041, thing, 4.320349588227213e-07
1042, utils, 4.3056250315843215e-07
1043, crowd, 4.2880605022953487e-07
1044, depot, 4.275438751594049e-07
1045, width, 4.245243860909859e-07
1046, quite, 4.2406597996541087e-07
1047, angle, 4.2144616092443545e-07
1048, draft, 4.193688785122209e-07
1049, alarm, 4.1894503484299484e-07
1050, inner, 4.1649266168943427e-07
1051, scope, 4.161375116906892e-07
1052, tumor, 4.1402864128911935e-07
1053, sigma, 4.128452886274262e-07
1054, radio, 4.127735243342557e-07
1055, thong, 4.0913462174764347e-07
1056, speak, 4.089984026603556e-07
1057, nerve, 4.0650895154689716e-07
1058, valve, 4.0592118366611314e-07
1059, quote, 4.0158804459244024e-07
1060, crown, 3.995555199096592e-07
1061, edges, 3.9848781931742183e-07
1062, jesus, 3.9613747950244275e-07
1063, shown, 3.959857642450972e-07
1064, begun, 3.9474189110177866e-07
1065, serum, 3.9107790513633827e-07
1066, dutch, 3.893732552981147e-07
1067, chuck, 3.8675419906506455e-07
1068, brown, 3.852786469705511e-07
1069, tahoe, 3.844457893160111e-07
1070, graph, 3.79571030921278e-07
1071, klein, 3.7586122806613944e-07
1072, gifts, 3.709686705966685e-07
1073, dozen, 3.697548520916328e-07
1074, smell, 3.6521887342058947e-07
1075, angel, 3.621421554402453e-07
1076, promo, 3.6192673519966364e-07
1077, lexus, 3.6144277523888144e-07
1078, depth, 3.6139291634952955e-07
1079, queen, 3.576070006747289e-07
1080, rough, 3.566529102648204e-07
1081, refer, 3.545714083652298e-07
1082, visit, 3.5112350681937107e-07
1083, basic, 3.5016756274725073e-07
1084, april, 3.488715958567016e-07
1085, asset, 3.4793610549468496e-07
1086, along, 3.466085683753478e-07
1087, highs, 3.452855672746575e-07
1088, icons, 3.4414814861498623e-07
1089, irish, 3.427776902830809e-07
1090, acute, 3.4276072023450954e-07
1091, drawn, 3.4157681291021546e-07
1092, wrong, 3.4117064950171525e-07
1093, style, 3.3776997614192837e-07
1094, samba, 3.359925984506947e-07
1095, renew, 3.317102602817319e-07
1096, saudi, 3.2929546066212276e-07
1097, mayor, 3.2642750577805555e-07
1098, views, 3.1896964247181697e-07
1099, dream, 3.1811650925798774e-07
1100, bryan, 3.1652909930979394e-07
1101, paxil, 3.1363980556190787e-07
1102, bloom, 3.1222019376033593e-07
1103, villa, 3.0854827463315155e-07
1104, gnome, 3.040054121733798e-07
1105, evans, 3.023137675162328e-07
1106, award, 2.986151413475163e-07
1107, bobby, 2.959722148975183e-07
1108, twist, 2.9282973727405127e-07
1109, micro, 2.894862034095781e-07
1110, crazy, 2.8943698778546186e-07
1111, syria, 2.861121790445511e-07
1112, disco, 2.849331221146489e-07
1113, yemen, 2.8399276086412157e-07
1114, yield, 2.8101277264815755e-07
1115, prize, 2.7896296992392774e-07
1116, jason, 2.787690111964853e-07
1117, diego, 2.77867420107748e-07
1118, sanyo, 2.762645315139267e-07
1119, comic, 2.745307771564102e-07
1120, italy, 2.7343380901961525e-07
1121, amend, 2.694133777919677e-07
1122, tight, 2.693097009184698e-07
1123, vital, 2.68751628712667e-07
1124, scout, 2.672687710317218e-07
1125, video, 2.670683437297463e-07
1126, qatar, 2.663560220292337e-07
1127, tampa, 2.661855600437688e-07
1128, shelf, 2.607711382112473e-07
1129, ended, 2.5947814197061725e-07
1130, naval, 2.5744130833010053e-07
1131, haiti, 2.557392445850981e-07
1132, asian, 2.5522479271791537e-07
1133, mardi, 2.5347804524126565e-07
1134, sparc, 2.529578133060338e-07
1135, inter, 2.5130273377216396e-07
1136, kinda, 2.512444448276133e-07
1137, storm, 2.504733949554294e-07
1138, stuck, 2.48820149634981e-07
1139, vsnet, 2.4802345482839526e-07
1140, theft, 2.449966948021458e-07
1141, angry, 2.3549415456458945e-07
1142, forum, 2.3466799224361048e-07
1143, karma, 2.3340772413808156e-07
1144, olive, 2.3295350823581757e-07
1145, apple, 2.3109021194243645e-07
1146, joyce, 2.2724033557472907e-07
1147, lucia, 2.2406235448905226e-07
1148, maybe, 2.2007717398164052e-07
1149, kevin, 2.2001068428622862e-07
1150, cycle, 2.1899423216450195e-07
1151, debut, 2.1871620328983298e-07
1152, johns, 2.1755383331255176e-07
1153, quilt, 2.169992322746428e-07
1154, magic, 2.1558747250886193e-07
1155, lucky, 2.127145544743333e-07
1156, royal, 2.1214197554462187e-07
1157, vocal, 2.0958513728613308e-07
1158, fifty, 2.0845097584882382e-07
1159, steam, 2.0772582151908045e-07
1160, fight, 2.0459103473437362e-07
1161, items, 2.0388915588314126e-07
1162, newer, 2.0289363923121485e-07
1163, added, 2.0227556505884495e-07
1164, entry, 2.0132767873197555e-07
1165, japan, 2.0058523338047515e-07
1166, human, 2.0050595626963762e-07
1167, cyber, 1.9740185112321484e-07
1168, lobby, 1.9730220356764032e-07
1169, might, 1.9680049402309095e-07
1170, ideas, 1.9610036255517613e-07
1171, audio, 1.9455978587895071e-07
1172, youth, 1.916226243340378e-07
1173, logic, 1.900201395514008e-07
1174, organ, 1.8874776010424346e-07
1175, sperm, 1.8810812467314829e-07
1176, emily, 1.8648855620758557e-07
1177, light, 1.864369306915681e-07
1178, skirt, 1.8321352537502512e-07
1179, civic, 1.813389139778428e-07
1180, julia, 1.808596665710782e-07
1181, cheap, 1.7951485435867912e-07
1182, query, 1.7865500850770243e-07
1183, orbit, 1.7767948300309748e-07
1184, owner, 1.7415796539240085e-07
1185, lycos, 1.7324230139770716e-07
1186, humor, 1.711933713185902e-07
1187, intel, 1.7023252406439063e-07
1188, topic, 1.6994118093073004e-07
1189, grown, 1.676794111400073e-07
1190, amber, 1.670260030664392e-07
1191, users, 1.661303355771104e-07
1192, owned, 1.6480269258159073e-07
1193, vista, 1.6429326259075773e-07
1194, happy, 1.6255325259651194e-07
1195, relax, 1.622361769690956e-07
1196, proof, 1.5939102638570303e-07
1197, gamma, 1.589655485731465e-07
1198, kathy, 1.5888542293994593e-07
1199, annex, 1.5887799121732414e-07
1200, papua, 1.588639525195061e-07
1201, turbo, 1.5490962973857608e-07
1202, unity, 1.5330669257002192e-07
1203, right, 1.5277321807675935e-07
1204, aruba, 1.4766187506023922e-07
1205, kodak, 1.470638500475403e-07
1206, combo, 1.451287481611739e-07
1207, adult, 1.4435873176529348e-07
1208, email, 1.434582651831049e-07
1209, miami, 1.432053870398047e-07
1210, amino, 1.4104794503211353e-07
1211, strip, 1.4036333655428753e-07
1212, dylan, 1.3710845203018408e-07
1213, below, 1.341527364941441e-07
1214, floyd, 1.334363707219221e-07
1215, quest, 1.3256832769858057e-07
1216, apply, 1.305572797477865e-07
1217, setup, 1.3007970039808405e-07
1218, strap, 1.2747544816766655e-07
1219, nepal, 1.2663801099742064e-07
1220, indie, 1.265952245600756e-07
1221, enemy, 1.2396237195642548e-07
1222, upset, 1.219904780038406e-07
1223, lloyd, 1.215960779137585e-07
1224, swing, 1.1969038213825493e-07
1225, hobby, 1.1784429103254113e-07
1226, multi, 1.1719990145802374e-07
1227, jewel, 1.1707348101194956e-07
1228, onion, 1.1665186997958748e-07
1229, fifth, 1.1621625607595027e-07
1230, actor, 1.1555182166721178e-07
1231, queue, 1.146637886780094e-07
1232, adobe, 1.1451051534034606e-07
1233, jimmy, 1.1165688472639897e-07
1234, asked, 1.1121110700666782e-07
1235, nokia, 1.0967408706641698e-07
1236, judge, 1.0763888623130377e-07
1237, skill, 1.0705518635519317e-07
1238, again, 1.0697178451287366e-07
1239, puppy, 1.0647531117090454e-07
1240, mambo, 1.0584153648993403e-07
1241, screw, 1.0479289181247529e-07
1242, eight, 1.0359989688994744e-07
1243, under, 1.0281610503978241e-07
1244, exams, 1.0260833152437272e-07
1245, avoid, 1.0084622739325369e-07
1246, arrow, 9.826373927401379e-08
1247, agent, 9.805567112211154e-08
1248, rugby, 9.633036488128884e-08
1249, msgid, 9.348967850174899e-08
1250, ultra, 9.347849199091307e-08
1251, eddie, 9.205893101290089e-08
1252, toxic, 9.146515788946936e-08
1253, admit, 9.08455988601535e-08
1254, newly, 9.036418150297598e-08
1255, knows, 8.835071137524125e-08
1256, music, 8.784688339773565e-08
1257, image, 8.689691882046659e-08
1258, abuse, 8.644289996970922e-08
1259, swift, 8.452161725672223e-08
1260, nikon, 8.393628605694856e-08
1261, adopt, 8.320062436260251e-08
1262, throw, 8.310420462597334e-08
1263, apnic, 8.236644985646887e-08
1264, linux, 8.207878262476668e-08
1265, urban, 7.915249774460347e-08
1266, stamp, 7.745401392946688e-08
1267, after, 7.624678460230863e-08
1268, union, 7.606513657337229e-08
1269, ebony, 7.387878363760112e-08
1270, uncle, 7.335529645097948e-08
1271, cubic, 7.284748592589702e-08
1272, remix, 7.256463141782364e-08
1273, opera, 7.00880572739971e-08
1274, night, 6.993618427513874e-08
1275, volvo, 6.986354030191607e-08
1276, exact, 6.887318102072343e-08
1277, admin, 6.833834009710496e-08
1278, diffs, 6.768174929840351e-08
1279, howto, 6.669289491424497e-08
1280, quick, 6.665581496755352e-08
1281, mazda, 6.630253752382999e-08
1282, plaza, 6.603046937187626e-08
1283, essay, 6.559318384935796e-08
1284, epson, 6.532951388943569e-08
1285, major, 6.516538063830549e-08
1286, knock, 6.194404755640483e-08
1287, among, 6.13801575734409e-08
1288, ocean, 6.044899671425582e-08
1289, event, 6.043652220287033e-08
1290, usage, 5.9257811014960583e-08
1291, allow, 5.7772964241338506e-08
1292, young, 5.752668002871858e-08
1293, upper, 5.63768227301499e-08
1294, climb, 5.2414856435310524e-08
1295, every, 5.2297630730107306e-08
1296, group, 5.192945594139031e-08
1297, knife, 5.098558048448148e-08
1298, scoop, 4.98108287474028e-08
1299, lying, 4.924096866298209e-08
1300, exist, 4.8325216166281085e-08
1301, dying, 4.7872377431214333e-08
1302, above, 4.676817296142457e-08
1303, until, 4.5322967013610186e-08
1304, oxide, 4.516526283848093e-08
1305, about, 4.2060595424615964e-08
1306, scuba, 4.203501495184696e-08
1307, delhi, 4.109910768927036e-08
1308, vinyl, 4.0058701015075375e-08
1309, nylon, 3.982654804846513e-08
1310, yacht, 3.9791081832010525e-08
1311, empty, 3.912345210280066e-08
1312, edgar, 3.887549715698026e-08
1313, alpha, 3.7702570247256506e-08
1314, ideal, 3.6549142818943334e-08
1315, intro, 3.624620713207711e-08
1316, squad, 3.6168515135970743e-08
1317, kenya, 3.504645858869971e-08
1318, lyric, 3.46179431739235e-08
1319, debug, 3.411297157274012e-08
1320, ivory, 3.391069315887086e-08
1321, ought, 3.2785080452622535e-08
1322, india, 3.228427171558955e-08
1323, cliff, 3.063485749356072e-08
1324, proxy, 2.96850214917648e-08
1325, excel, 2.8835476712834218e-08
1326, dubai, 2.7576116268422324e-08
1327, ozone, 2.5064920094267528e-08
1328, tokyo, 2.5022311396360988e-08
1329, oscar, 2.4580916803088557e-08
1330, album, 2.399231472234535e-08
1331, issue, 2.3668267599483088e-08
1332, czech, 2.3025166879433403e-08
1333, staff, 2.2603513800229343e-08
1334, other, 2.2540030942287508e-08
1335, thumb, 2.154551399900706e-08
1336, known, 2.1433876086705736e-08
1337, lopez, 1.9959376203775065e-08
1338, often, 1.9828605463424396e-08
1339, aging, 1.9044892242307008e-08
1340, usual, 1.885705169248023e-08
1341, yukon, 1.881251203766312e-08
1342, zdnet, 1.7756297066927014e-08
1343, isaac, 1.7057968295861047e-08
1344, essex, 1.6379907803779516e-08
1345, index, 1.622043402075856e-08
1346, twiki, 1.6125150550906796e-08
1347, ebook, 1.6077082421974664e-08
1348, extra, 1.5588259341887234e-08
1349, input, 1.4383684706640709e-08
1350, omega, 1.4366029000681882e-08
1351, xanax, 1.4214675127066788e-08
1352, jacob, 1.3447909443109806e-08
1353, omaha, 1.2951455194268236e-08
1354, using, 1.2465452493529725e-08
1355, skype, 1.175496617489741e-08
1356, islam, 1.1489231931798297e-08
1357, endif, 1.0357776254888151e-08
1358, ascii, 9.872663076682561e-09
1359, hindu, 9.148688717770195e-09
1360, occur, 9.113501639972823e-09
1361, stuff, 8.725091316802271e-09
1362, xhtml, 8.296344521596825e-09
1363, xerox, 7.555089000143475e-09
1364, yahoo, 7.521267967725907e-09
1365, idaho, 7.393726528083275e-09
1366, enjoy, 6.341971216929712e-09
1367, equal, 5.919019316384102e-09
1368, tvcom, 5.715587901962879e-09
1369, sbjct, 5.27604882772779e-09
1370, rehab, 5.065070811799276e-09
1371, fuzzy, 4.3861532330262e-09
1372, phpbb, 3.6600735820208394e-09
1373, awful, 3.6281769484989605e-09
1374, pizza, 3.5975627882964e-09
1375, inbox, 2.7845539249574005e-09
1376, offer, 2.5716018477793843e-09
1377, iraqi, 2.01613641002425e-09
1378, egypt, 1.8282706644338525e-09
1379, mysql, 1.2855571650764699e-09
